<linker>
  <assembly fullname="Spaceinvaders, Version=0.0.0.0, Culture=neutral, PublicKeyToken=null">
    <type fullname="SoftwareCore.Audio.Components.PlaySoundOnButtonPressedComponent" preserve="all" />
    <type fullname="SoftwareCore.Audio.Components.PlaySoundOnEnableComponent" preserve="all" />
    <type fullname="SoftwareCore.Audio.Components.PlaySoundUniTaskComponent" preserve="all" />
    <type fullname="SoftwareCore.Progress.MaterialBasedProgressReceiverComponent" preserve="all" />
    <type fullname="SoftwareCore.Reset.Components.ProxyResetComponent" preserve="all" />
    <type fullname="SoftwareCore.States.Components.InstantTransitionStateComponent" preserve="all" />
    <type fullname="SoftwareCore.States.Components.MethodTriggeredStateComponent" preserve="all" />
    <type fullname="SoftwareCore.States.Components.StateStartComponent" preserve="all" />
    <type fullname="SoftwareCore.Tasks.Components.DurationUniTaskComponent" preserve="all" />
    <type fullname="SoftwareCore.UI.Binders.Components.MethodTriggeredButtonUIBinderComponent" preserve="all" />
    <type fullname="SoftwareCore.UI.Binders.Components.TMPTextUIBinderComponent" preserve="all" />
    <type fullname="SoftwareCore.UI.Binders.Components.UnityUI.ButtonUnityUIButtonUIBinderComponent" preserve="all" />
    <type fullname="SoftwareCore.UI.Binders.Components.UnityUI.ImageUnityUIImageUIBinderComponent" preserve="all" />
    <type fullname="SoftwareCore.UI.Presenters.Components.TextUIPresenterComponent" preserve="all" />
    <type fullname="SoftwareCore.UI.Presenters.Components.UnityEventBasedButtonUIPresenterComponent" preserve="all" />
    <type fullname="SpaceInvaders.EntityRoot.Components.EntityRootComponent" preserve="all" />
    <type fullname="SpaceInvaders.Gameplay.Components.EnemiesAreaBoundsComponent" preserve="all" />
    <type fullname="SpaceInvaders.Gameplay.Components.PlayerAreaComponent" preserve="all" />
    <type fullname="SpaceInvaders.Health.Components.AddHealthOnEnableComponent" preserve="all" />
    <type fullname="SpaceInvaders.Health.Components.HealthComponent" preserve="all" />
    <type fullname="SpaceInvaders.Health.Components.MultiTaskUniTaskComponent" preserve="all" />
    <type fullname="SpaceInvaders.Kill.Components.ProxyKillComponent" preserve="all" />
    <type fullname="SpaceInvaders.Kill.Components.UniTaskKillComponent" preserve="all" />
    <type fullname="SpaceInvaders.Projectiles.Components.ProjectileComponent" preserve="all" />
    <type fullname="SpaceInvaders.Signals.Components.SignalCollisionOnTriggerEnterComponent" preserve="all" />
    <type fullname="SpaceInvaders.States.CameraAutoSizeComponent" preserve="all" />
    <type fullname="SpaceInvaders.States.Components.GameplayStateComponent" preserve="all" />
    <type fullname="SpaceInvaders.States.Components.MainMenuStateComponent" preserve="all" />
    <type fullname="SpaceInvaders.States.GameplaySubStates.GameplayStateObjects.Components.ComponentsGameplayStateObjectsProviderComponent" preserve="all" />
    <type fullname="SpaceInvaders.States.GameplaySubStates.GameplayStateObjects.Components.GameplayStateObjectsSourceComponent" preserve="all" />
    <type fullname="SpaceInvaders.States.GameplaySubStates.GameplayStateObjects.Components.ScriptableObjectsGameplayStateObjectsProviderComponent" preserve="all" />
    <type fullname="SpaceInvaders.States.GameplaySubStates.GameplayStateObjects.Components.UpgradeSelectionGameplayStateObjectProviderComponent" preserve="all" />
    <type fullname="SpaceInvaders.States.GameplaySubStates.GameplayStateObjects.Components.WaveGameplayStateObjectProviderScriptableObject" preserve="all" />
    <type fullname="SpaceInvaders.UI.Presenters.Components.HighScoreUIPresenterComponent" preserve="all" />
    <type fullname="SpaceInvaders.UI.Presenters.Components.LastGameScoreUIPresenterComponent" preserve="all" />
    <type fullname="SpaceInvaders.UI.Presenters.Components.UpgradeSelectionItemUIPresenterComponent" preserve="all" />
    <type fullname="SpaceInvaders.UI.Views.Components.UpgradeSelectionViewComponent" preserve="all" />
    <type fullname="SpaceInvaders.Upgrades.Components.GameObjectsActivationUpgradesClientComponent" preserve="all" />
    <type fullname="SpaceInvaders.Upgrades.Components.ProxyUpgradesClientComponent" preserve="all" />
    <type fullname="SpaceInvaders.Upgrades.Components.UpgradeInfoScriptableObject" preserve="all" />
    <type fullname="SpaceInvaders.Upgrades.Components.UpgradeScriptableObject" preserve="all" />
    <type fullname="SpaceInvaders.Weapons.Components.WeaponComponent" preserve="all" />
    <type fullname="SpaceInvaders.Weapons.Components.WeaponsControllerComponent" preserve="all" />
    <type fullname="SoftwareCore.Audio.AudioClipInfo" preserve="nothing" serialized="true" />
    <type fullname="SpaceInvaders.Upgrades.Components.GameObjectsActivationUpgradesClientComponent/UpgradeActivation" preserve="nothing" serialized="true" />
  </assembly>
  <assembly fullname="Unity.Addressables, Version=0.0.0.0, Culture=neutral, PublicKeyToken=null" preserve="all">
    <type fullname="UnityEngine.AddressableAssets.Addressables" preserve="all" />
  </assembly>
  <assembly fullname="Unity.ResourceManager, Version=0.0.0.0, Culture=neutral, PublicKeyToken=null" preserve="all">
    <type fullname="UnityEngine.ResourceManagement.ResourceProviders.AssetBundleProvider" preserve="all" />
    <type fullname="UnityEngine.ResourceManagement.ResourceProviders.BundledAssetProvider" preserve="all" />
    <type fullname="UnityEngine.ResourceManagement.ResourceProviders.InstanceProvider" preserve="all" />
    <type fullname="UnityEngine.ResourceManagement.ResourceProviders.LegacyResourcesProvider" preserve="all" />
    <type fullname="UnityEngine.ResourceManagement.ResourceProviders.SceneProvider" preserve="all" />
  </assembly>
  <assembly fullname="Unity.TextMeshPro, Version=0.0.0.0, Culture=neutral, PublicKeyToken=null">
    <type fullname="TMPro.TextMeshProUGUI" preserve="all" />
    <type fullname="TMPro.TMP_FontAsset" preserve="all" />
    <type fullname="TMPro.FaceInfo_Legacy" preserve="nothing" serialized="true" />
    <type fullname="TMPro.FontAssetCreationSettings" preserve="nothing" serialized="true" />
    <type fullname="TMPro.KerningTable" preserve="nothing" serialized="true" />
    <type fullname="TMPro.TMP_Character" preserve="nothing" serialized="true" />
    <type fullname="TMPro.TMP_FontFeatureTable" preserve="nothing" serialized="true" />
    <type fullname="TMPro.TMP_FontWeightPair" preserve="nothing" serialized="true" />
    <type fullname="TMPro.TMP_GlyphAdjustmentRecord" preserve="nothing" serialized="true" />
    <type fullname="TMPro.TMP_GlyphPairAdjustmentRecord" preserve="nothing" serialized="true" />
    <type fullname="TMPro.TMP_GlyphValueRecord" preserve="nothing" serialized="true" />
    <type fullname="TMPro.VertexGradient" preserve="nothing" serialized="true" />
  </assembly>
  <assembly fullname="UnityEngine.AudioModule, Version=0.0.0.0, Culture=neutral, PublicKeyToken=null">
    <type fullname="UnityEngine.AudioClip" preserve="all" />
    <type fullname="UnityEngine.AudioListener" preserve="all" />
  </assembly>
  <assembly fullname="UnityEngine.CoreModule, Version=0.0.0.0, Culture=neutral, PublicKeyToken=null">
    <type fullname="UnityEngine.Camera" preserve="all" />
    <type fullname="UnityEngine.GameObject" preserve="all" />
    <type fullname="UnityEngine.Light" preserve="all" />
    <type fullname="UnityEngine.Material" preserve="all" />
    <type fullname="UnityEngine.Mesh" preserve="all" />
    <type fullname="UnityEngine.MeshFilter" preserve="all" />
    <type fullname="UnityEngine.MeshRenderer" preserve="all" />
    <type fullname="UnityEngine.Object" preserve="all" />
    <type fullname="UnityEngine.RectTransform" preserve="all" />
    <type fullname="UnityEngine.Shader" preserve="all" />
    <type fullname="UnityEngine.Sprite" preserve="all" />
    <type fullname="UnityEngine.Texture2D" preserve="all" />
    <type fullname="UnityEngine.Transform" preserve="all" />
    <type fullname="UnityEngine.Events.ArgumentCache" preserve="nothing" serialized="true" />
    <type fullname="UnityEngine.Events.PersistentCallGroup" preserve="nothing" serialized="true" />
    <type fullname="UnityEngine.Events.PersistentListenerMode" preserve="nothing" serialized="true" />
    <type fullname="UnityEngine.Events.UnityEvent" preserve="nothing" serialized="true" />
    <type fullname="UnityEngine.RectOffset" preserve="nothing" serialized="true" />
  </assembly>
  <assembly fullname="UnityEngine.PhysicsModule, Version=0.0.0.0, Culture=neutral, PublicKeyToken=null">
    <type fullname="UnityEngine.BoxCollider" preserve="all" />
    <type fullname="UnityEngine.CapsuleCollider" preserve="all" />
    <type fullname="UnityEngine.MeshCollider" preserve="all" />
    <type fullname="UnityEngine.Rigidbody" preserve="all" />
  </assembly>
  <assembly fullname="UnityEngine.TextRenderingModule, Version=0.0.0.0, Culture=neutral, PublicKeyToken=null">
    <type fullname="UnityEngine.Font" preserve="all" />
  </assembly>
  <assembly fullname="UnityEngine.UI, Version=1.0.0.0, Culture=neutral, PublicKeyToken=null">
    <type fullname="UnityEngine.UI.Button" preserve="all" />
    <type fullname="UnityEngine.UI.CanvasScaler" preserve="all" />
    <type fullname="UnityEngine.UI.GraphicRaycaster" preserve="all" />
    <type fullname="UnityEngine.UI.HorizontalLayoutGroup" preserve="all" />
    <type fullname="UnityEngine.UI.Image" preserve="all" />
    <type fullname="UnityEngine.UI.VerticalLayoutGroup" preserve="all" />
    <type fullname="UnityEngine.UI.AnimationTriggers" preserve="nothing" serialized="true" />
    <type fullname="UnityEngine.UI.Button/ButtonClickedEvent" preserve="nothing" serialized="true" />
    <type fullname="UnityEngine.UI.ColorBlock" preserve="nothing" serialized="true" />
    <type fullname="UnityEngine.UI.MaskableGraphic/CullStateChangedEvent" preserve="nothing" serialized="true" />
    <type fullname="UnityEngine.UI.Navigation" preserve="nothing" serialized="true" />
    <type fullname="UnityEngine.UI.SpriteState" preserve="nothing" serialized="true" />
  </assembly>
  <assembly fullname="UnityEngine.UIModule, Version=0.0.0.0, Culture=neutral, PublicKeyToken=null">
    <type fullname="UnityEngine.Canvas" preserve="all" />
    <type fullname="UnityEngine.CanvasRenderer" preserve="all" />
  </assembly>
  <assembly fullname="UnityEngine.TextCoreFontEngineModule">
    <type fullname="UnityEngine.TextCore.FaceInfo" preserve="nothing" serialized="true" />
    <type fullname="UnityEngine.TextCore.Glyph" preserve="nothing" serialized="true" />
    <type fullname="UnityEngine.TextCore.GlyphMetrics" preserve="nothing" serialized="true" />
    <type fullname="UnityEngine.TextCore.GlyphRect" preserve="nothing" serialized="true" />
  </assembly>
</linker>